Timestamp,Views,Likes,Dislikes
2018-08-23T09:54,715,,
2018-08-23T09:56,1766,,
2018-08-23T09:57,1989,,
2018-08-23T09:58,2492,,
2018-08-23T09:59,2742,,
2018-08-23T10:00,3090,,
2018-08-23T10:01,3425,,
2018-08-23T10:02,3684,,
2018-08-23T10:03,3973,,
2018-08-23T10:04,4396,,
2018-08-23T10:05,4768,,
2018-08-23T10:06,5209,,
2018-08-23T10:08,6041,,
2018-08-23T10:08,6248,,
2018-08-23T10:09,6460,,
2018-08-23T10:10,6957,,
2018-08-23T10:11,7421,,
2018-08-23T10:12,7804,,
2018-08-23T10:13,8370,,
2018-08-23T10:14,8862,,
2018-08-23T10:15,9449,,
2018-08-23T10:17,10446,,
2018-08-23T10:18,10922,,
2018-08-23T10:18,11113,,
2018-08-23T10:19,11580,,
2018-08-23T10:20,12032,,
2018-08-23T10:21,12668,,
2018-08-23T10:22:35,13187,,
2018-08-23T10:23:57,13864,,
2018-08-23T10:24:51,14295,,
2018-08-23T10:25:15,14583,,
2018-08-23T10:26:22,15080,,
2018-08-23T10:27:18,15552,,
2018-08-23T10:28:15,15951,,
2018-08-23T10:29:19,16457,,
2018-08-23T10:30:12,16860,,
2018-08-23T10:31:06,17355,,
2018-08-23T10:32:17,17853,,
2018-08-23T10:33:14,18343,,
2018-08-23T10:34:22,18836,,
2018-08-23T10:35:09,19240,,
2018-08-23T10:36:09,19732,,
2018-08-23T10:37:18,20190,,
2018-08-23T10:38:08,20591,,
2018-08-23T10:39:05,20962,,
2018-08-23T10:40:09,21489,,
2018-08-23T10:41:07,21879,,
2018-08-23T10:42:09,22387,,
2018-08-23T10:43:13,22814,,
2018-08-23T10:44:04,23191,,
2018-08-23T10:45:06,23610,,
2018-08-23T10:46:11,24085,,
2018-08-23T10:47:10,24559,,
2018-08-23T10:48:20,25129,,
2018-08-23T10:49:17,25518,,
2018-08-23T10:50:15,25958,,
2018-08-23T10:51:23,26496,,
2018-08-23T10:52:22,26863,,
2018-08-23T10:53:32,27306,,
2018-08-23T10:54:28,27735,,
2018-08-23T10:55:16,28129,,
2018-08-23T10:56:18,28497,,
2018-08-23T10:57:16,28922,,
2018-08-23T10:58:20,29370,,
2018-08-23T10:59:22,29806,,
2018-08-23T11:00:16,30190,,
2018-08-23T11:01:25,30721,,
2018-08-23T11:02:18,31120,,
2018-08-23T11:03:21,31541,,
2018-08-23T11:04:14,31904,,
2018-08-23T11:05:19,32337,,
2018-08-23T11:06:15,32776,,
2018-08-23T11:07:12,33166,,
2018-08-23T11:08:15,33680,,
2018-08-23T11:09:15,34026,,
2018-08-23T11:10:19,34464,,
2018-08-23T11:11:14,34925,,
2018-08-23T11:12:23,35335,,
2018-08-23T11:13:14,35725,,
2018-08-23T11:14:09,36064,,
2018-08-23T11:15:27,36570,,
2018-08-23T11:16:18,36915,,
2018-08-23T11:17:15,37295,,
2018-08-23T11:18:23,37767,,
2018-08-23T11:19:12,38114,,
2018-08-23T11:20:16,38521,,
2018-08-23T11:21:25,38951,,
2018-08-23T11:22:16,39302,,
2018-08-23T11:23:24,39761,,
2018-08-23T11:24:20,40214,,
2018-08-23T11:26:30,41036,,
2018-08-23T11:27:10,41315,,
2018-08-23T11:28:19,41803,,
2018-08-23T11:29:10,42146,,
2018-08-23T11:30:10,42580,,
2018-08-23T11:31:14,43033,,
2018-08-23T11:32:13,43507,,
2018-08-23T11:33:09,43827,,
2018-08-23T11:34:08,44256,,
2018-08-23T11:35:05,44693,,
2018-08-23T11:36:10,45127,,
2018-08-23T11:37:08,45575,,
2018-08-23T11:38:04,45984,,
2018-08-23T11:39:12,46506,,
2018-08-23T11:40:05,46863,,
2018-08-23T11:41:16,47320,,
2018-08-23T11:42:14,47765,,
2018-08-23T11:43:16,48226,,
2018-08-23T11:44:14,48578,,
2018-08-23T11:45:33,49171,,
2018-08-23T11:46:20,49507,,
2018-08-23T11:47:30,50046,,
2018-08-23T11:48:32,50427,,
2018-08-23T11:50:07,51112,,
2018-08-23T11:50:51,51388,,
2018-08-23T11:51:51,51815,,
2018-08-23T11:53:13,52349,,
2018-08-23T11:54:25,52755,,
2018-08-23T11:55:12,53094,,
2018-08-23T11:56:23,53553,,
2018-08-23T11:57:14,53885,,
2018-08-23T11:58:27,54303,,
2018-08-23T11:59:20,54630,,
2018-08-23T12:00:45,55249,,
2018-08-23T12:01:23,55430,,
2018-08-23T12:03:37,56225,,
2018-08-23T12:05:17,56811,,
2018-08-23T12:06:33,57220,,
2018-08-23T12:07:04,57555,,
2018-08-23T12:08:05,57886,,
2018-08-23T12:09:23,58346,,
2018-08-23T12:10:17,58718,,
2018-08-23T12:11:12,59037,,
2018-08-23T12:12:37,59546,,
2018-08-23T12:13:45,59982,,
2018-08-23T12:14:18,60176,,
2018-08-23T12:16:21,60958,,
2018-08-23T12:18:28,61650,,
2018-08-23T12:18:52,61879,,
2018-08-23T12:19:15,62078,,
2018-08-23T12:20:14,62394,,
2018-08-23T12:21:39,62865,,
2018-08-23T12:22:32,63177,,
2018-08-23T12:23:37,63664,,
2018-08-23T12:24:11,63856,,
2018-08-23T12:25:15,64250,,
2018-08-23T12:26:14,64597,,
2018-08-23T12:27:04,64899,,
2018-08-23T12:28:13,65328,,
2018-08-23T12:29:14,65696,,
2018-08-23T12:30:09,66014,,
2018-08-23T12:31:16,66381,,
2018-08-23T12:32:18,66748,,
2018-08-23T12:33:10,67061,,
2018-08-23T12:34:13,67425,,
2018-08-23T12:35:14,67778,,
2018-08-23T12:36:16,68193,,
2018-08-23T12:37:34,68630,,
2018-08-23T12:38:15,68964,,
2018-08-23T12:39:06,69281,,
2018-08-23T12:40:12,69668,,
2018-08-23T12:41:13,70016,,
2018-08-23T12:42:16,70356,,
2018-08-23T12:43:16,70736,,
2018-08-23T12:44:15,71148,,
2018-08-23T12:45:18,71552,,
2018-08-23T12:46:17,71859,,
2018-08-23T12:47:05,72188,,
2018-08-23T12:48:11,72545,,
2018-08-23T12:49:17,72889,,
2018-08-23T12:50:07,73224,,
2018-08-23T12:51:10,73539,,
2018-08-23T12:52:15,74000,,
2018-08-23T12:53:09,74310,,
2018-08-23T12:55:06,74984,,
2018-08-23T12:55:42,75178,,
2018-08-23T12:56:29,75488,,
2018-08-23T12:57:12,75757,,
2018-08-23T12:58:13,76120,,
2018-08-23T12:59:23,76589,,
2018-08-23T13:00:23,76866,,
2018-08-23T13:01:59,77503,,
2018-08-23T13:02:43,77737,,
2018-08-23T13:03:04,77806,,
2018-08-23T13:04:17,78299,,
2018-08-23T13:05:19,78674,,
2018-08-23T13:06:17,78996,,
2018-08-23T13:07:14,79324,,
2018-08-23T13:08:11,79698,,
2018-08-23T13:09:08,79990,,
2018-08-23T13:10:05,80365,,
2018-08-23T13:11:06,80728,,
2018-08-23T13:12:05,81022,,
2018-08-23T13:13:19,81456,,
2018-08-23T13:14:11,81750,,
2018-08-23T13:15:12,82126,,
2018-08-23T13:16:42,82676,,
2018-08-23T13:18:08,83192,,
2018-08-23T13:18:30,83350,,
2018-08-23T13:19:31,83639,,
2018-08-23T13:20:43,84036,,
2018-08-23T13:21:31,84347,,
2018-08-23T13:22:17,84595,,
2018-08-23T13:24:03,85248,,
2018-08-23T13:24:47,85477,,
2018-08-23T13:25:04,85608,,
2018-08-23T13:27:32,86423,,
2018-08-23T13:28:08,86611,,
2018-08-23T13:29:08,86993,,
2018-08-23T13:31:19,87767,,
2018-08-23T13:31:52,87942,,
2018-08-23T13:33:04,88324,,
2018-08-23T13:34:09,88674,,
2018-08-23T13:35:04,89044,,
2018-08-23T13:36:26,89484,,
2018-08-23T13:37:18,89795,,
2018-08-23T13:38:12,90112,,
2018-08-23T13:39:17,90458,,
2018-08-23T13:40:18,90824,,
2018-08-23T13:41:07,91050,,
2018-08-23T13:42:16,91459,,
2018-08-23T13:43:12,91788,,
2018-08-23T13:44:05,92079,,
2018-08-23T13:45:27,92544,,
2018-08-23T13:46:20,92833,,
2018-08-23T13:47:26,93234,,
2018-08-23T13:48:31,93579,,
2018-08-23T13:49:20,93868,,
2018-08-23T13:50:24,94262,,
2018-08-23T13:51:16,94549,,
2018-08-23T13:52:56,95099,,
2018-08-23T13:53:51,95384,,
2018-08-23T13:54:07,95505,,
2018-08-23T13:55:14,95856,,
2018-08-23T13:56:21,96214,14330,281
2018-08-23T13:57:21,96598,14365,282
2018-08-23T13:58:18,96946,14404,282
2018-08-23T13:59:24,97268,14446,282
2018-08-23T14:00:14,97470,14469,282
2018-08-23T14:01:19,97881,14516,282
2018-08-23T14:02:24,98219,14551,284
2018-08-23T14:03:23,98595,14591,285
2018-08-23T14:04:11,98851,14629,286
2018-08-23T14:05:42,99423,14672,288
2018-08-23T14:06:18,99599,14703,288
2018-08-23T14:07:19,99960,14742,288
2018-08-23T14:08:07,100256,14784,289
2018-08-23T14:09:24,100677,14835,291
2018-08-23T14:10:18,100965,14861,291
2018-08-23T14:11:18,101299,14899,292
2018-08-23T14:12:14,101566,14934,292
2018-08-23T14:13:15,101899,14977,292
2018-08-23T14:14:10,102204,15014,293
2018-08-23T14:15:16,102542,15052,294
2018-08-23T14:16:15,102838,15084,294
2018-08-23T14:17:19,103239,15124,296
2018-08-23T14:18:12,103523,15169,296
2018-08-23T14:19:05,103763,15198,296
2018-08-23T14:20:06,104098,15238,296
2018-08-23T14:21:12,104538,15287,297
2018-08-23T14:23:12,105120,15362,297
2018-08-23T14:24:17,105544,15415,297
2018-08-23T14:25:05,105788,15448,297
2018-08-23T14:26:05,106106,15482,297
2018-08-23T14:27:05,106441,15521,298
2018-08-23T14:28:05,106712,15555,298
2018-08-23T14:29:05,107034,15599,299
2018-08-23T14:30:06,107396,15627,300
2018-08-23T14:31:17,107815,15681,302
2018-08-23T14:32:04,108035,15721,303
2018-08-23T14:33:04,108406,15768,305
2018-08-23T14:34:04,108772,15816,306
2018-08-23T14:35:04,109078,15843,307
2018-08-23T14:36:04,109420,15889,308
2018-08-23T14:37:12,109866,15926,310
2018-08-23T14:38:05,110126,15964,310
2018-08-23T14:39:06,110521,16007,311
2018-08-23T14:40:09,110887,16053,311
2018-08-23T14:41:16,111311,16086,311
2018-08-23T14:42:11,111627,16133,311
2018-08-23T14:43:11,111988,16172,312
2018-08-23T14:44:24,112434,16215,312
2018-08-23T14:45:18,112719,16261,312
2018-08-23T14:46:18,113055,16304,313
2018-08-23T14:47:19,113330,16336,314
2018-08-23T14:48:06,113581,16372,315
2018-08-23T14:49:32,114105,16420,316
2018-08-23T14:50:40,114460,16462,320
2018-08-23T14:51:28,114721,16500,320
2018-08-23T14:52:24,115019,16535,321
2018-08-23T14:53:21,115329,16569,321
2018-08-23T14:54:07,115631,16617,322
2018-08-23T14:55:59,116259,16668,322
2018-08-23T14:56:17,116368,16704,323
2018-08-23T14:57:10,116671,16740,323
2018-08-23T14:58:17,117031,16781,325
2018-08-23T14:59:09,117334,16827,325
2018-08-23T15:00:17,117704,16862,326
2018-08-23T15:01:18,118019,16901,327
2018-08-23T15:02:20,118380,16939,328
2018-08-23T15:03:13,118685,16981,328
2018-08-23T15:04:19,119043,17037,328
2018-08-23T20:17:33,165610,24915,464
2018-08-23T20:19:04,165777,24938,464
2018-08-23T20:23:04,166574,25002,464
2018-08-23T20:55:05,171330,25516,472
2018-08-23T20:58:04,172245,25558,473
2018-08-23T21:02:05,173780,25620,475
2018-08-23T21:04:06,174885,25650,475
2018-08-23T21:07:05,175577,25703,476
2018-08-23T21:10:04,176227,25743,476
2018-08-23T21:13:04,176255,25787,476
2018-08-23T21:14:04,176597,25807,476
2018-08-23T21:19:05,177507,25887,476
2018-08-23T21:25:05,178897,25989,476
2018-08-23T21:28:04,179485,26029,478
2018-08-23T21:31:04,180205,26062,479
2018-08-23T21:32:12,180479,26083,479
2018-08-23T21:33:11,180571,26096,479
2018-08-23T21:39:05,180581,26166,480
2018-08-23T21:40:05,180622,26188,481
2018-08-23T21:44:04,180758,26232,484
2018-08-23T21:46:04,180902,26264,486
2018-08-23T21:49:05,181097,26299,486
2018-08-23T21:50:05,181439,26306,487
2018-08-23T21:54:04,183330,26361,487
2018-08-23T21:58:05,183981,26407,489
2018-08-23T22:03:07,184543,26479,489
2018-08-23T22:09:05,184568,26567,490
2018-08-23T22:10:05,184585,26587,490
2018-08-23T22:12:06,184620,26617,490
2018-08-23T22:14:04,184670,26659,492
2018-08-23T22:18:04,184800,26709,493
2018-08-23T22:22:05,184990,26769,495
2018-08-23T22:23:04,186398,26783,495
2018-08-23T22:27:04,187225,26843,495
2018-08-23T22:28:04,187605,26855,495
2018-08-23T22:29:05,187713,26871,495
2018-08-23T22:30:05,188058,26881,496
2018-08-23T22:34:04,188059,26946,496
2018-08-23T22:42:04,188115,27047,497
2018-08-23T22:44:06,188193,27068,497
2018-08-23T22:45:06,188256,27075,497
2018-08-23T22:55:05,190958,27195,500
2018-08-23T22:58:04,192003,27231,500
2018-08-23T23:01:04,192408,27275,501
2018-08-23T23:03:04,192567,27304,501
2018-08-23T23:04:03,192592,27314,501
2018-08-23T23:06:04,192593,27343,502
2018-08-23T23:10:03,192615,27390,502
2018-08-23T23:13:04,192726,27426,502
2018-08-23T23:17:04,192901,27470,503
2018-08-23T23:20:04,193818,27507,503
2018-08-23T23:22:04,195219,27528,505
2018-08-23T23:23:04,195531,27539,505
2018-08-23T23:25:04,195897,27557,506
2018-08-23T23:28:03,196449,27601,506
2018-08-23T23:29:04,196457,27608,506
2018-08-23T23:33:05,196484,27664,506
2018-08-23T23:37:04,196485,27713,506
2018-08-23T23:38:04,196489,27728,506
2018-08-23T23:39:04,196495,27741,506
2018-08-23T23:41:04,196519,27762,506
2018-08-23T23:43:03,196613,27793,506
2018-08-23T23:47:04,196955,27834,506
2018-08-23T23:51:16,197571,27878,506
2018-08-23T23:52:13,198815,27890,506
2018-08-23T23:53:09,198828,27897,506
2018-08-23T23:58:17,199517,27944,506
2018-08-24T00:00:05,200734,27965,507
2018-08-24T00:03:04,200960,27999,508
2018-08-24T00:07:04,200965,28039,509
2018-08-24T00:08:16,200972,28053,509
2018-08-24T00:11:14,200979,28093,510
2018-08-24T00:12:30,201033,28101,511
2018-08-24T00:16:04,201337,28143,511
2018-08-24T00:20:19,201590,28179,511
2018-08-24T00:21:17,202326,28188,511
2018-08-24T00:22:25,202490,28197,511
2018-08-24T00:29:23,203081,28273,512
2018-08-24T00:31:16,204403,28293,513
2018-08-24T00:42:21,204425,28406,517
2018-08-24T00:44:19,204483,28436,517
2018-08-24T00:46:23,204679,28454,517
2018-08-24T00:50:19,204897,28491,518
2018-08-24T00:53:14,205296,28519,518
2018-08-24T00:54:14,207015,28537,518
2018-08-24T00:57:15,207072,28561,518
2018-08-24T01:01:15,207303,28604,518
2018-08-24T01:03:21,207957,28625,518
2018-08-24T01:04:20,208320,28633,518
2018-08-24T01:07:21,208321,28673,518
2018-08-24T01:13:18,208325,28739,522
2018-08-24T01:16:19,208355,28771,522
2018-08-24T01:17:19,208377,28782,522
2018-08-24T01:25:17,210782,28875,526
2018-08-24T01:27:15,211509,28892,526
2018-08-24T01:29:20,211954,28915,526
2018-08-24T01:30:12,212002,28924,526
2018-08-24T01:37:16,212003,28998,528
2018-08-24T01:38:12,212004,29013,529
2018-08-24T01:40:17,212011,29033,529
2018-08-24T01:42:16,212045,29060,530
2018-08-24T01:43:19,212182,29072,530
2018-08-24T01:46:05,212283,29103,531
2018-08-24T01:48:04,212585,29119,532
2018-08-24T01:52:05,213484,29155,532
2018-08-24T01:53:06,213585,29168,532
2018-08-24T01:54:04,213635,29179,532
2018-08-24T01:56:04,213641,29201,534
2018-08-24T02:14:16,213689,29368,540
2018-08-24T02:15:10,213776,29376,540
2018-08-24T02:17:19,213867,29397,540
2018-08-24T02:23:17,214389,29464,540
2018-08-24T02:25:26,215591,29485,540
2018-08-24T02:27:17,217551,29510,540
2018-08-24T02:29:18,217896,29525,542
2018-08-24T02:32:17,218053,29558,544
2018-08-24T02:33:17,218195,29565,544
2018-08-24T02:34:16,218205,29570,544
2018-08-24T02:40:05,218207,29636,544
2018-08-24T02:43:09,218209,29662,544
2018-08-24T02:44:08,218215,29671,544
2018-08-24T02:47:10,218316,29702,546
2018-08-24T02:49:12,218488,29718,546
2018-08-24T02:50:10,218588,29733,546
2018-08-24T02:52:12,219005,29750,547
2018-08-24T02:54:19,219903,29770,547
2018-08-24T02:58:12,220545,29801,547
2018-08-24T03:01:08,221394,29821,547
2018-08-24T03:10:09,221398,29901,550
2018-08-24T03:15:08,221400,29938,551
2018-08-24T03:16:13,221402,29950,551
2018-08-24T03:18:16,221433,29969,551
2018-08-24T03:20:23,221514,29980,551
2018-08-24T03:24:13,222360,30006,552
2018-08-24T03:25:20,223550,30014,552
2018-08-24T03:28:17,223802,30041,554
2018-08-24T03:30:46,224040,30063,554
2018-08-24T03:32:16,225300,30077,554
2018-08-24T03:34:04,225807,30089,554
2018-08-24T03:41:11,225820,30139,555
2018-08-24T03:42:04,225822,30144,555
2018-08-24T03:43:12,225836,30157,556
2018-08-24T03:44:06,225862,30168,556
2018-08-24T03:47:12,225939,30191,557
2018-08-24T03:49:12,226072,30206,558
2018-08-24T03:54:07,227043,30240,558
2018-08-24T03:57:07,228730,30263,558
2018-08-24T03:59:07,229921,30280,559
2018-08-24T04:09:11,229923,30336,559
2018-08-24T04:11:05,229926,30349,559
2018-08-24T04:13:05,229935,30363,559
2018-08-24T04:15:12,229992,30372,559
2018-08-24T04:19:10,230248,30400,559
2018-08-24T04:25:17,230617,30436,560
2018-08-24T04:28:04,232660,30446,560
2018-08-24T04:30:10,232999,30455,560
2018-08-24T04:31:05,233122,30464,560
2018-08-24T04:40:16,233123,30513,562
2018-08-24T04:41:15,233129,30518,562
2018-08-24T04:43:04,233135,30532,562
2018-08-24T04:44:04,233155,30540,564
2018-08-24T04:47:06,233263,30554,564
2018-08-24T04:49:16,233858,30567,565
2018-08-24T04:51:08,234014,30574,565
2018-08-24T04:52:22,234046,30575,565
2018-08-24T04:53:14,234089,30578,565
2018-08-24T04:56:16,234130,30596,567
2018-08-24T04:57:18,234297,30603,568
2018-08-24T05:01:04,236163,30624,569
2018-08-24T05:05:05,236323,30642,570
2018-08-24T05:11:21,236325,30676,571
2018-08-24T05:12:05,236326,30678,571
2018-08-24T05:16:04,236338,30690,572
2018-08-24T05:18:15,236469,30702,572
2018-08-24T05:26:04,238293,30740,575
2018-08-24T05:35:06,239908,30794,578
2018-08-24T05:36:19,240231,30801,578
2018-08-24T05:42:31,240233,30825,579
2018-08-24T05:45:05,240234,30847,579
2018-08-24T05:48:04,240257,30861,579
2018-08-24T05:50:04,240399,30869,579
2018-08-24T05:52:21,240627,30885,580
2018-08-24T05:59:14,243850,30916,582
2018-08-24T06:01:03,243952,30930,583
2018-08-24T06:02:03,244160,30932,584
2018-08-24T06:15:04,244162,30991,590
2018-08-24T06:16:04,244166,30998,590
2018-08-24T06:20:03,244265,31014,592
2018-08-24T06:23:04,244778,31028,593
2018-08-24T06:24:04,245364,31030,593
2018-08-24T06:27:04,245921,31041,595
2018-08-24T06:31:03,246228,31056,595
2018-08-24T06:32:03,246681,31064,596
2018-08-24T06:34:03,246986,31070,596
2018-08-24T06:43:04,246991,31117,600
2018-08-24T06:44:03,246999,31121,600
2018-08-24T06:46:04,247024,31130,600
2018-08-24T06:47:04,247087,31133,602
2018-08-24T06:52:04,247548,31157,604
2018-08-24T06:57:04,248729,31178,604
2018-08-24T07:02:04,249742,31197,605
2018-08-24T07:04:04,249827,31209,605
2018-08-24T07:17:03,249852,31257,609
2018-08-24T07:19:04,250024,31264,610
2018-08-24T07:25:04,250406,31297,611
2018-08-24T07:26:04,251431,31302,612
2018-08-24T07:28:04,251900,31307,612
2018-08-24T07:30:03,252036,31320,612
2018-08-24T07:34:04,252994,31339,614
2018-08-24T07:46:04,253001,31387,614
2018-08-24T07:48:04,253045,31403,614
2018-08-24T07:50:03,253157,31408,614
2018-08-24T07:53:04,253880,31416,615
2018-08-24T07:56:03,254410,31436,616
2018-08-24T07:57:04,254472,31443,616
2018-08-24T07:58:04,254594,31447,616
2018-08-24T08:04:04,255085,31467,617
2018-08-24T08:05:03,255539,31472,617
2018-08-24T08:16:04,255571,31518,618
2018-08-24T08:17:04,255579,31521,618
2018-08-24T08:22:04,255759,31540,618
2018-08-24T08:23:04,256390,31545,618
2018-08-24T08:26:04,256663,31566,618
2018-08-24T08:31:03,256909,31612,620
2018-08-24T08:32:05,257647,31619,620
2018-08-24T08:35:04,257651,31632,620
2018-08-24T08:46:04,257652,31693,621
2018-08-24T08:48:03,257658,31705,621
2018-08-24T08:49:04,257689,31714,621
2018-08-24T08:51:03,257790,31724,621
2018-08-24T08:52:03,258004,31727,621
2018-08-24T08:54:03,258359,31741,621
2018-08-24T08:55:03,258566,31742,621
2018-08-24T09:01:04,258754,31782,623
2018-08-24T09:02:04,258934,31785,623
2018-08-24T09:03:05,259362,31792,623
2018-08-24T09:05:04,259370,31805,623
2018-08-24T09:17:05,259371,31862,626
2018-08-24T09:18:04,259372,31870,626
2018-08-24T09:19:05,259381,31876,626
2018-08-24T09:20:04,259400,31880,626
2018-08-24T09:21:04,259437,31883,626
2018-08-24T09:22:04,259479,31885,626
2018-08-24T09:25:04,259750,31899,626
2018-08-24T09:27:04,259831,31913,626
2018-08-24T09:28:05,259841,31916,626
2018-08-24T09:29:05,259856,31922,626
2018-08-24T09:30:04,259858,31925,626
2018-08-24T09:32:05,259878,31938,626
2018-08-24T09:33:04,259899,31942,627
2018-08-24T09:35:04,259900,31950,627
2018-08-24T10:50:05,259909,32266,639
2018-08-24T10:52:04,259991,32274,639
2018-08-24T10:55:05,260309,32296,640
2018-08-24T10:57:05,260402,32304,640
2018-08-24T10:58:05,260408,32311,640
2018-08-24T11:01:06,260988,32321,640
2018-08-24T11:06:05,261045,32348,641
2018-08-24T11:07:04,261804,32354,641
2018-08-24T11:14:05,263474,32387,641
2018-08-24T11:17:05,263880,32401,642
2018-08-24T11:21:04,263887,32422,642
2018-08-24T11:24:05,263926,32433,642
2018-08-24T11:26:06,263991,32441,642
2018-08-24T11:29:06,264467,32453,643
2018-08-24T11:33:05,264546,32468,643
2018-08-24T11:37:04,265514,32482,643
2018-08-24T11:40:05,267253,32495,643
2018-08-24T11:45:04,268926,32514,643
2018-08-24T11:48:04,269771,32531,643
2018-08-24T11:51:05,269780,32536,646
2018-08-24T11:52:04,269807,32540,646
2018-08-24T11:54:04,269885,32550,647
2018-08-24T11:56:04,270042,32559,647
2018-08-24T11:57:05,270074,32560,647
2018-08-24T12:02:05,270170,32582,650
2018-08-24T12:03:05,270286,32586,650
2018-08-24T12:09:05,271528,32607,650
2018-08-24T12:10:05,271765,32609,650
2018-08-24T12:12:05,272041,32612,650
2018-08-24T12:14:05,272300,32615,650
2018-08-24T12:20:05,272304,32639,652
2018-08-24T12:21:05,272320,32640,652
2018-08-24T12:25:06,272546,32660,652
2018-08-24T12:30:05,272708,32677,653
2018-08-24T12:32:05,273379,32687,654
2018-08-24T12:34:07,273487,32692,654
2018-08-24T12:44:05,274620,32734,655
2018-08-24T12:45:04,274875,32737,656
2018-08-24T12:46:05,274953,32740,656
2018-08-24T12:47:04,274993,32745,656
2018-08-24T12:50:04,275017,32758,656
2018-08-24T12:52:05,275018,32764,656
2018-08-24T12:56:05,275024,32778,656
2018-08-24T12:57:05,275030,32784,656
2018-08-24T13:11:06,275671,32844,660
2018-08-24T13:13:05,276110,32851,661
2018-08-24T13:14:05,276186,32855,661
2018-08-24T13:17:04,277197,32867,662
2018-08-24T13:24:05,277914,32897,662
2018-08-24T13:25:05,277927,32902,662
2018-08-24T13:26:04,277954,32906,662
2018-08-24T13:31:06,278518,32927,663
2018-08-24T13:34:05,278620,32936,663
2018-08-24T13:37:06,278863,32946,664
2018-08-24T13:39:05,279123,32957,664
2018-08-24T13:43:04,279418,32965,664
2018-08-24T13:52:05,280339,33003,665
2018-08-24T14:20:04,280947,33134,667
2018-08-24T14:27:05,281110,33162,667
2018-08-24T14:30:04,281166,33175,667
2018-08-24T14:36:06,281229,33208,668
2018-08-24T14:39:05,281405,33220,669
2018-08-24T14:42:05,281538,33228,669
2018-08-24T14:43:05,282143,33229,669
2018-08-24T14:50:05,282885,33259,669
2018-08-24T14:55:05,283104,33273,669
2018-08-24T14:57:04,283105,33286,669
2018-08-24T14:58:05,283117,33290,669
2018-08-24T15:00:05,283139,33298,669
2018-08-24T15:03:06,283276,33306,670
2018-08-24T15:04:06,283292,33310,670
2018-08-24T15:06:06,283339,33317,671
2018-08-24T15:11:05,283565,33340,672
2018-08-24T15:14:06,284193,33348,673
2018-08-24T15:19:05,284995,33359,673
2018-08-24T15:23:07,285031,33373,674
2018-08-24T15:26:06,285037,33380,674
2018-08-24T15:28:06,285067,33384,674
2018-08-24T15:29:06,285100,33388,674
2018-08-24T15:30:06,285136,33391,674
2018-08-24T15:31:06,285185,33395,674
2018-08-24T15:34:06,285286,33402,675
2018-08-24T15:36:07,285904,33414,675
2018-08-24T15:40:06,285953,33425,675
2018-08-24T15:41:06,286088,33430,676
2018-08-24T15:43:06,286283,33435,677
2018-08-24T15:45:06,286510,33441,676
2018-08-24T15:48:05,286756,33448,676
2018-08-24T15:50:06,286766,33456,676
2018-08-24T15:58:04,286772,33492,679
2018-08-24T15:59:05,286788,33496,679
2018-08-24T16:01:05,286816,33506,679
2018-08-24T16:06:05,287145,33531,679
2018-08-24T16:10:04,287757,33539,681
2018-08-24T16:15:04,287983,33560,682
2018-08-24T16:16:05,288611,33567,682
2018-08-24T16:18:04,288878,33573,682
2018-08-24T16:20:04,288941,33579,682
2018-08-24T16:23:04,289116,33593,683
2018-08-24T16:26:05,289166,33604,684
2018-08-24T16:32:05,289202,33630,684
2018-08-24T16:34:05,289254,33636,684
2018-08-24T16:35:05,289294,33641,684
2018-08-24T16:41:06,289652,33666,684
2018-08-24T16:42:05,290082,33668,684
2018-08-24T16:43:05,290278,33673,684
2018-08-24T16:45:04,290353,33680,684
2018-08-24T16:52:04,291007,33705,685
2018-08-24T16:55:05,291547,33713,685
2018-08-24T16:57:05,291549,33721,685
2018-08-24T16:58:05,291550,33723,685
2018-08-24T17:05:04,291574,33745,685
2018-08-24T17:06:05,291597,33748,685
2018-08-24T17:09:05,291672,33760,686
2018-08-24T17:13:07,291740,33770,687
2018-08-24T17:16:06,292208,33781,687
2018-08-24T17:19:06,292720,33790,689
2018-08-24T17:21:06,292889,33794,690
2018-08-24T17:22:04,293099,33802,690
2018-08-24T17:27:08,293670,33821,690
2018-08-24T17:33:06,293682,33839,690
2018-08-24T17:36:06,293733,33847,690
2018-08-24T17:37:07,293766,33851,690
2018-08-24T17:38:07,293820,33852,690
2018-08-24T17:44:05,294569,33868,691
2018-08-24T17:48:05,294721,33878,691
2018-08-24T17:49:04,294852,33883,691
2018-08-24T17:52:05,295200,33890,692
2018-08-24T17:55:07,295260,33901,692
2018-08-24T17:59:05,295280,33907,692
2018-08-24T18:03:08,295282,33920,693
2018-08-24T18:06:05,295331,33924,693
2018-08-24T18:09:04,295557,33932,693
2018-08-24T18:13:05,296374,33947,694
2018-08-24T18:18:05,296523,33962,694
2018-08-24T18:21:06,296848,33975,694
2018-08-24T18:26:04,297211,33991,694
2018-08-24T18:27:05,297308,33996,694
2018-08-24T18:29:06,297309,34005,694
2018-08-24T18:31:05,297509,34008,694
2018-08-24T18:35:05,297534,34028,694
2018-08-24T18:37:05,297560,34040,694
2018-08-24T18:40:05,297811,34048,698
2018-08-24T18:46:04,298286,34071,699
2018-08-24T18:50:05,298612,34090,700
2018-08-24T18:54:06,298865,34098,700
2018-08-24T18:57:05,299027,34105,700
2018-08-24T19:02:05,299031,34117,700
2018-08-24T19:06:05,299045,34135,700
2018-08-24T19:08:04,299089,34139,700
2018-08-24T19:10:08,299226,34149,700
2018-08-24T19:20:04,300104,34179,700
2018-08-24T19:23:05,300443,34189,700
2018-08-24T19:26:05,300860,34197,700
2018-08-24T19:31:04,301120,34205,700
2018-08-24T19:34:05,301122,34215,700
2018-08-24T19:36:05,301136,34219,700
2018-08-24T19:41:04,301245,34232,700
2018-08-24T19:43:05,301536,34238,700
2018-08-24T19:49:04,302163,34255,700
2018-08-24T19:54:05,302222,34269,700
2018-08-24T19:59:05,302262,34288,701
2018-08-24T20:01:05,302292,34294,701
2018-08-24T20:02:04,302309,34297,702
2018-08-24T20:05:04,302418,34305,702
2018-08-24T20:11:05,303060,34326,702
2018-08-24T20:14:05,303097,34335,702
2018-08-24T20:15:04,303348,34336,702
2018-08-24T20:20:04,303538,34347,702
2018-08-24T20:22:05,303650,34352,702
2018-08-24T20:23:05,303663,34355,702
2018-08-24T20:31:04,303665,34379,702
2018-08-24T20:34:04,303670,34387,702
2018-08-24T20:35:04,303674,34389,702
2018-08-24T20:38:05,303708,34395,702
2018-08-24T20:39:04,303719,34398,702
2018-08-24T20:41:04,303747,34402,702
2018-08-24T20:45:04,303836,34416,702
2018-08-24T20:46:04,304051,34419,702
2018-08-24T20:51:05,304122,34434,702
2018-08-24T20:56:05,304660,34449,702
2018-08-24T20:58:05,304707,34458,702
2018-08-24T21:01:05,304793,34466,702
2018-08-24T21:04:06,304835,34476,703
2018-08-24T21:05:05,304836,34477,703
2018-08-24T21:08:05,304858,34484,703
2018-08-24T21:11:05,304922,34489,703
2018-08-24T21:12:05,304932,34495,703
2018-08-24T21:15:06,305034,34502,703
2018-08-24T21:19:05,305475,34517,703
2018-08-24T21:21:05,305566,34524,703
2018-08-24T21:25:04,305619,34533,703
2018-08-24T21:26:06,305710,34534,703
2018-08-24T21:34:05,305711,34558,703
2018-08-24T21:35:05,305717,34558,703
2018-08-24T21:37:06,305742,34565,703
2018-08-24T21:39:06,305777,34572,703
2018-08-24T21:41:06,305944,34578,703
2018-08-24T21:44:04,305992,34582,703
2018-08-24T21:45:06,306046,34586,704
2018-08-24T21:53:05,306667,34610,704
2018-08-24T21:54:05,306758,34610,704
2018-08-24T21:57:05,306899,34619,704
2018-08-24T22:00:06,307120,34621,704
2018-08-24T22:02:05,307121,34625,704
2018-08-24T22:08:05,307128,34649,704
2018-08-24T22:12:07,307154,34662,704
2018-08-24T22:14:07,307185,34667,704
2018-08-24T22:19:05,307259,34681,704
2018-08-24T22:25:06,307844,34704,705
2018-08-24T22:26:11,308040,34709,705
2018-08-24T22:33:07,308569,34730,706
2018-08-24T22:36:06,308571,34739,706
2018-08-24T22:37:06,308580,34741,706
2018-08-24T22:40:06,308678,34751,706
2018-08-24T22:44:04,308758,34769,706
2018-08-24T22:45:04,308834,34774,706
2018-08-24T22:49:05,309152,34786,706
2018-08-24T22:52:06,309263,34792,706
2018-08-24T22:56:06,309578,34805,706
2018-08-24T22:58:07,309771,34814,706
2018-08-24T23:08:05,309827,34837,707
2018-08-24T23:09:12,309834,34841,707
2018-08-24T23:10:07,309839,34844,707
2018-08-24T23:12:07,309846,34853,707
2018-08-24T23:14:05,309961,34855,707
2018-08-24T23:16:07,309985,34860,707
2018-08-24T23:24:04,310450,34891,708
2018-08-24T23:25:05,310713,34894,708
2018-08-24T23:27:04,311111,34900,709
2018-08-24T23:33:05,311319,34918,709
2018-08-24T23:37:08,311321,34933,710
2018-08-24T23:38:09,311324,34934,710
2018-08-24T23:41:06,311337,34940,710
2018-08-24T23:44:06,311549,34950,710
2018-08-24T23:46:05,311619,34959,710
2018-08-24T23:52:04,312133,34887,710
2018-08-24T23:54:05,312266,34897,710
2018-08-24T23:57:06,312614,34908,710
2018-08-25T00:01:06,312912,34924,711
2018-08-25T00:05:05,312917,34937,711
2018-08-25T00:06:05,312922,34940,712
2018-08-25T00:08:05,312931,34948,712
2018-08-25T00:11:06,312974,34961,712
2018-08-25T00:13:06,313059,34968,712
2018-08-25T00:19:05,313196,34985,713
2018-08-25T00:23:06,313426,34999,714
2018-08-25T00:24:05,314014,35004,714
2018-08-25T00:25:05,314114,35005,714
2018-08-25T00:29:05,314316,35021,714
2018-08-25T00:37:06,314332,35050,714
2018-08-25T00:38:07,314340,35055,714
2018-08-25T00:42:06,314413,35069,714
2018-08-25T00:43:05,314529,35074,714
2018-08-25T00:48:06,314798,35089,714
2018-08-25T00:54:05,315064,35104,714
2018-08-25T00:55:06,315454,35105,714
2018-08-25T01:00:06,315527,35121,714
2018-08-25T01:01:05,315571,35128,714
2018-08-25T01:09:05,315597,35154,715
2018-08-25T01:12:05,315636,35172,715
2018-08-25T01:16:05,315735,35179,716
2018-08-25T01:17:04,316145,35181,716
2018-08-25T01:22:05,316417,35193,716
2018-08-25T01:23:05,316521,35194,717
2018-08-25T01:29:05,316855,35207,719
2018-08-25T01:33:06,316895,35216,720
2018-08-25T01:35:05,316899,35224,720
2018-08-25T01:36:05,316904,35227,720
2018-08-25T01:39:05,316946,35231,720
2018-08-25T01:40:07,316985,35236,720
2018-08-25T01:45:04,317088,35252,720
2018-08-25T01:48:05,317200,35265,721
2018-08-25T01:52:06,317857,35277,721
2018-08-25T01:54:07,318044,35282,721
2018-08-25T01:56:05,318136,35287,721
2018-08-25T02:05:06,318137,35314,721
2018-08-25T02:08:04,318142,35324,721
2018-08-25T02:10:05,318166,35328,721
2018-08-25T02:11:05,318185,35333,721
2018-08-25T02:13:05,318240,35335,723
2018-08-25T02:14:06,318320,35337,723
2018-08-25T02:17:05,318404,35347,724
2018-08-25T02:20:06,318754,35353,724
2018-08-25T02:23:07,319377,35359,724
2018-08-25T02:24:06,319573,35360,724
2018-08-25T02:27:05,319711,35367,725
2018-08-25T02:39:04,319715,35400,727
2018-08-25T02:41:05,319730,35407,727
2018-08-25T02:43:05,319777,35409,727
2018-08-25T02:45:05,319825,35413,727
2018-08-25T02:48:06,320248,35427,727
2018-08-25T02:51:09,320460,35432,727
2018-08-25T02:54:05,320665,35436,728
2018-08-25T02:58:06,320744,35448,728
2018-08-25T03:00:05,321024,35457,728
2018-08-25T03:03:06,321025,35467,728
2018-08-25T03:06:05,321031,35474,728
2018-08-25T03:08:05,321043,35481,728
2018-08-25T03:09:04,321061,35484,728
2018-08-25T03:12:05,321105,35492,728
2018-08-25T03:14:04,321187,35500,728
2018-08-25T03:15:04,321263,35504,728
2018-08-25T03:19:04,321406,35514,728
2018-08-25T03:20:04,321674,35515,728
2018-08-25T03:21:04,321935,35518,728
2018-08-25T03:23:05,321971,35526,729
2018-08-25T03:28:05,322232,35539,729
2018-08-25T03:34:06,322233,35550,729
2018-08-25T03:36:05,322234,35557,729
2018-08-25T03:42:04,322270,35573,729
2018-08-25T03:45:05,322318,35578,729
2018-08-25T03:49:05,322444,35586,729
2018-08-25T03:50:04,322554,35587,729
2018-08-25T03:52:05,323011,35590,729
2018-08-25T03:56:04,323380,35595,729
2018-08-25T03:57:04,323421,35597,729
2018-08-25T04:00:05,323500,35601,729
2018-08-25T04:09:05,323503,35622,729
2018-08-25T04:12:04,323510,35627,729
2018-08-25T04:13:05,323511,35628,729
2018-08-25T04:19:06,323730,35645,729
2018-08-25T04:21:05,323822,35648,729
2018-08-25T04:23:06,324099,35653,729
2018-08-25T04:30:05,324824,35669,729
2018-08-25T04:31:07,324857,35671,729
2018-08-25T04:32:05,324866,35673,729
2018-08-25T04:37:07,324901,35686,729
2018-08-25T04:43:05,324910,35697,729
2018-08-25T04:44:05,324919,35700,729
2018-08-25T04:47:05,325017,35705,729
2018-08-25T04:49:04,325201,35708,729
2018-08-25T04:54:05,325275,35723,729
2018-08-25T05:00:04,326105,35734,730
2018-08-25T05:01:04,326202,35738,730
2018-08-25T05:04:04,326317,35742,730
2018-08-25T05:14:05,326321,35757,730
2018-08-25T05:19:04,326331,35764,730
2018-08-25T05:20:04,326377,35764,730
2018-08-25T05:27:06,326890,35781,730
2018-08-25T05:30:04,327299,35784,730
2018-08-25T05:34:04,327773,35788,730
2018-08-25T05:40:04,327774,35798,730
2018-08-25T05:46:05,327782,35809,730
2018-08-25T05:47:08,327832,35809,731
2018-08-25T05:50:08,327971,35815,731
2018-08-25T05:54:05,328385,35824,731
2018-08-25T05:57:05,328563,35827,731
2018-08-25T06:01:05,328737,35835,732
2018-08-25T06:04:05,329122,35839,732
2018-08-25T06:11:05,329124,35848,732
2018-08-25T06:12:05,329136,35850,732
2018-08-25T06:14:05,329146,35854,732
2018-08-25T06:17:06,329268,35862,732
2018-08-25T06:20:08,329358,35867,732
2018-08-25T06:22:06,329482,35869,732
2018-08-25T06:23:07,330002,35869,732
2018-08-25T06:28:05,330228,35879,732
2018-08-25T06:30:05,330237,35881,732
2018-08-25T06:33:07,330448,35886,733
2018-08-25T06:42:05,330457,35907,733
2018-08-25T06:45:05,330484,35910,733
2018-08-25T06:47:05,330543,35911,733
2018-08-25T06:49:08,330752,35912,733
2018-08-25T06:53:04,331150,35919,733
2018-08-25T06:58:05,331426,35931,733
2018-08-25T07:00:05,331455,35936,733
2018-08-25T07:04:05,331662,35942,733
2018-08-25T07:10:06,331663,35950,733
2018-08-25T07:11:05,331667,35950,733
2018-08-25T07:12:06,331672,35952,733
2018-08-25T07:13:05,331676,35954,733
2018-08-25T07:15:05,331695,35956,733
2018-08-25T07:16:06,331746,35957,733
2018-08-25T07:21:06,331856,35963,733
2018-08-25T07:22:06,332201,35967,733
2018-08-25T07:24:05,332452,35967,733
2018-08-25T07:27:06,332606,35975,733
2018-08-25T07:30:05,332839,35980,733
2018-08-25T07:31:05,332861,35981,733
2018-08-25T07:43:06,332864,35998,733
2018-08-25T07:44:05,332871,35999,733
2018-08-25T07:46:04,332953,36002,733
2018-08-25T07:51:04,333025,36007,733
2018-08-25T07:53:05,333128,36008,733
2018-08-25T07:55:05,333545,36016,733
2018-08-25T07:56:04,333630,36017,733
2018-08-25T07:57:05,333693,36017,733
2018-08-25T07:59:05,333830,36017,733
2018-08-25T08:11:21,333831,36033,733
2018-08-25T08:13:04,333835,36035,733
2018-08-25T08:14:04,333860,36038,733
2018-08-25T08:21:07,334079,36047,733
2018-08-25T08:23:04,334576,36049,733
2018-08-25T08:25:04,334802,36053,733
2018-08-25T08:26:04,334877,36057,733
2018-08-25T08:40:07,334881,36080,734
2018-08-25T08:45:04,334888,36091,734
2018-08-25T08:48:04,334904,36096,734
2018-08-25T08:50:05,334942,36101,734
2018-08-25T08:53:08,335196,36104,734
2018-08-25T08:55:43,335433,36106,734
2018-08-25T09:00:04,335578,36114,734
2018-08-25T09:01:04,335767,36116,734
2018-08-25T09:14:05,335768,36141,734
2018-08-25T09:16:04,335776,36145,734
2018-08-25T09:20:04,335841,36153,734
2018-08-25T09:25:05,336026,36160,734
2018-08-25T09:27:04,336169,36162,734
2018-08-25T09:30:05,336219,36163,734
